object_id,right_ascension,declination,segmentation_area,flux_detection_total,fluxerr_detection_total,vis_det,ellipticity,det_quality_flag,flux_vis_1fwhm_aper,fluxerr_vis_1fwhm_aper,flux_y_1fwhm_aper,fluxerr_y_1fwhm_aper,set_id,role,grade,field,tile_id,mag_total,log_area,reference_rank,match_distance_arcsec,match_delta_mag,match_delta_log_area,match_cost,nearest_published_candidate_arcsec,snr_total,color_vis_y,path_vis,zoobot_candidate_neighbour_fraction,dino_candidate_neighbour_fraction
-523861041287486239,52.38610410148034,-28.74862395170958,1493,22.603673934936523,0.170610100030899,1,0.0750873982906341,2,5.918737411499023,0.0370865240693092,13.741477012634276,19.893388748168945,set_-523861041287486239,candidate,C,fornax,102042914.0,20.514552415406587,3.1740598077250253,0,0.0,0.0,0.0,0.0,0.0,132.48731423780183,0.9145108575956468,data/raw/cutouts/-523861041287486239_VIS.fits,0.8,0.7
-524073599287695837,52.40735998380092,-28.76958377032656,1491,25.527767181396484,0.1982595324516296,1,0.1616472899913787,0,6.064914703369141,0.0398055054247379,16.67576789855957,0.3196279406547546,set_-523861041287486239,reference,unlabelled,fornax,,20.382467924133657,3.1734776434529945,1,100.9630927360537,-0.1320844912729306,-0.0005821642720307,0.2025957160516109,100.96309273605134,128.75934319891843,1.098152861057891,data/raw/cutouts/-524073599287695837_VIS.fits,0.3,0.7
-524846527263742206,52.484652754902186,-26.37422068224872,1778,25.43558120727539,0.2499159276485443,1,0.3060280084609985,0,3.9800100326538086,0.0355111248791217,13.548705101013184,0.2186180055141449,set_-524846527263742206,candidate,C,fornax,102046111.0,20.38639583554464,3.249931756634195,0,0.0,0.0,0.0,0.0,0.0,101.776551205033,1.3300340581603969,data/raw/cutouts/-524846527263742206_VIS.fits,0.9,0.5
-525078224263527402,52.50782242022345,-26.35274029464389,1483,23.301708221435547,0.2002657502889633,1,0.2613604962825775,0,4.055796146392822,0.0301350783556699,5.1170501708984375,0.1517419517040252,set_-524846527263742206,reference,unlabelled,fornax,,20.48153060044463,3.1711411510283822,1,107.54186733644612,0.0951347648999885,-0.0787906056058127,0.2656768121049931,78.63433831236178,116.3539356470766,0.2523588921533573,data/raw/cutouts/-525078224263527402_VIS.fits,0.5,0.5
-526160809272093912,52.61608096269949,-27.20939129869196,1828,29.65979385375977,0.1820637434720993,1,0.3597786128520965,0,7.611284255981445,0.0388525687158107,23.191665649414062,0.3030332922935486,set_-526160809272093912,candidate,C,fornax,102045466.0,20.219579679500185,3.2619761913978125,0,0.0,0.0,0.0,0.0,0.0,162.90884328820275,1.2096849988700962,data/raw/cutouts/-526160809272093912_VIS.fits,0.3,0.7
-526307644271854626,52.63076444596611,-27.185462687069275,1490,26.784990310668945,0.2387587279081344,1,0.6479275226593018,0,4.069457054138184,0.0353409498929977,7.362281322479248,0.1677888184785843,set_-526160809272093912,reference,unlabelled,fornax,,20.33027126598716,3.173186268412274,1,98.1383296030795,0.1106915864869755,-0.0887899229855384,0.3414887072607435,98.13832960308916,112.18434000441997,0.6436898468873248,data/raw/cutouts/-526307644271854626_VIS.fits,0.0,0.1
-526793203294738037,52.67932039383986,-29.4738037612088,2335,27.80746459960937,0.249031513929367,1,0.4106396734714508,2,4.2161173820495605,0.0328985452651977,12.32541561126709,0.2224231362342834,set_-526888815294982643,reference,unlabelled,fornax,,20.289596517465228,3.368286884902131,1,93.01597549211375,0.1428109396996753,0.0890763723007359,0.4323933904076397,93.01597549211009,111.66243244016266,1.164722197157791,data/raw/cutouts/-526793203294738037_VIS.fits,0.1,0.6
-526888815294982643,52.68888150861861,-29.498264398459888,1902,31.716537475585938,0.2221457362174987,1,0.1143777891993522,2,5.336310386657715,0.0396912470459938,18.30379295349121,0.2573995888233185,set_-526888815294982643,candidate,A,fornax,102042284.0,20.146785577765552,3.279210512601395,0,0.0,0.0,0.0,0.0,0.0,142.77355944627664,1.3382500303719211,data/raw/cutouts/-526888815294982643_VIS.fits,0.7,0.7
-542891812279697972,54.289181214003854,-27.96979729520765,1513,22.12064552307129,0.179936334490776,1,0.1208779364824295,0,5.024539947509766,0.0340515449643135,11.87018871307373,0.2141415774822235,set_-542891812279697972,candidate,B,fornax,102044187.0,20.53800550908096,3.179838928023187,0,0.0,0.0,0.0,0.0,0.0,122.935957241061,0.933403300069872,data/raw/cutouts/-542891812279697972_VIS.fits,1.0,0.7
-543041794279857012,54.30417940170924,-27.985701281344493,1401,22.326635360717773,0.1745093315839767,1,0.235566645860672,2,4.914216995239258,0.0327400751411914,9.46668529510498,0.1989640742540359,set_-542891812279697972,reference,unlabelled,fornax,,20.52794180118544,3.1464381352857744,1,74.51008583043105,-0.0100637078955152,-0.0334007927374124,0.0337753706787493,74.51008583043382,127.93949273694764,0.7118590259545904,data/raw/cutouts/-543041794279857012_VIS.fits,0.3,0.6
-544441184278370667,54.444118487967096,-27.83706673701671,3531,58.15611267089844,0.3465374708175659,1,0.4837336242198944,2,6.649016857147217,0.0412019751965999,9.795458793640137,0.1558418124914169,set_-544517310278613198,reference,unlabelled,fornax,,19.488511576813423,3.547897717563097,1,90.6112086938036,0.1556168078269983,-0.0739015064395705,0.4126481353866685,90.61120869381246,167.8205607425196,0.4206683700268445,data/raw/cutouts/-544441184278370667_VIS.fits,0.7,0.7
-544517310278613198,54.45173100879106,-27.86131985279404,4186,67.11847686767578,0.3625727891921997,1,0.1332420408725738,0,9.283570289611816,0.0463783182203769,27.30318069458008,0.2743377685546875,set_-544517310278613198,candidate,C,fornax,102044188.0,19.332894768986424,3.621799224002668,0,0.0,0.0,0.0,0.0,0.0,185.11724781446927,1.171245533284304,data/raw/cutouts/-544517310278613198_VIS.fits,0.4,0.8
-549293718291744672,54.92937180145458,-29.17446723088924,757,11.05142307281494,0.1688323020935058,1,0.1146970316767692,2,2.37051010131836,1609.835693359375,10.177627563476562,0.1819623559713363,set_-549525883291619345,reference,unlabelled,fornax,,21.29145448755404,2.8790958795000727,1,85.80130365550099,0.1153785905097386,-0.0712689748760504,0.281206827133604,85.80130365550417,65.45798958954097,1.5820118602887747,data/raw/cutouts/-549293718291744672_VIS.fits,0.8,0.5
-549525883291619345,54.95258837432254,-29.16193451041988,892,12.290502548217772,0.1919948607683181,1,0.1106824353337287,0,1.9718378782272337,0.0285029802471399,6.029122829437256,0.1369064748287201,set_-549525883291619345,candidate,A,fornax,102042919.0,21.1760758970443,2.950364854376123,0,0.0,0.0,0.0,0.0,0.0,64.01474757727412,1.2134573167943288,data/raw/cutouts/-549525883291619345_VIS.fits,0.7,0.4
-555543235495627233,55.55432358532721,-49.56272337503402,1552,30.838022232055664,0.1731714159250259,1,0.132980540394783,0,7.198431491851807,0.0371164679527282,18.23807907104492,0.2691085338592529,set_-555738260495481326,reference,unlabelled,south,,20.17728370700403,3.1908917169221698,1,69.52280602245058,-0.0981700748635638,0.0011207605752958,0.1112570994487713,69.52280602245455,178.07801632462773,1.009353046175922,data/raw/cutouts/-555543235495627233_VIS.fits,0.4,0.8
-555738260495481326,55.57382601848325,-49.54813263966917,1548,28.17205238342285,0.2124693542718887,1,0.1785095930099487,258,6.101322174072266,0.039832018315792,13.98948097229004,0.2299685627222061,set_-555738260495481326,candidate,C,south,102020054.0,20.2754537818676,3.189770956346874,0,0.0,0.0,0.0,0.0,0.0,132.59348615222964,0.9009441095856224,data/raw/cutouts/-555738260495481326_VIS.fits,0.8,0.7
-569003084507675615,56.90030849946102,-50.76756153887766,1885,22.19147300720215,0.2479311525821685,1,0.2222517281770706,0,3.5574445724487305,0.0330461263656616,12.007277488708496,0.2282404750585556,set_-569003084507675615,candidate,C,south,102018664.0,20.53453467393013,3.275311354541812,0,0.0,0.0,0.0,0.0,0.0,89.50659397208072,1.320766012815796,data/raw/cutouts/-569003084507675615_VIS.fits,0.8,0.4
-569116453507596885,56.911645393888506,-50.75968852185136,1869,21.6040096282959,0.2518307864665985,1,0.2668429017066955,0,3.562644720077514,0.0339940711855888,10.891287803649902,0.2186621576547622,set_-569003084507675615,reference,unlabelled,south,,20.56366409459509,3.271609301378832,1,38.33706518604332,0.0291294206649581,-0.0037020531629798,0.0110307219919246,38.337065186041016,85.78780192612129,1.2132667984987535,data/raw/cutouts/-569116453507596885_VIS.fits,0.2,0.3
-569332420491967616,56.93324207249624,-49.19676167436321,1337,21.3524227142334,0.1782839149236679,1,0.718616783618927,0,3.454830884933472,0.0285480320453643,1.3135403394699097,16.711185455322266,set_-569646194491927719,reference,unlabelled,south,,20.57638210350264,3.126131407261985,1,75.2015434758478,-0.1187991274899182,-0.0285968001781711,0.182106605438578,75.20154347584993,119.76640025756345,-1.0499584466349172,data/raw/cutouts/-569332420491967616_VIS.fits,0.1,0.4
-569380954497924981,56.93809545828947,-49.79249811828738,1921,33.56489562988281,0.2541159987449646,1,0.2866827249526977,0,4.44106388092041,0.0367448069155216,12.974553108215332,0.2035434246063232,set_-569380954497924981,candidate,B,south,102019587.0,20.08528674729153,3.2835273648616936,0,0.0,0.0,0.0,0.0,0.0,132.0849367834142,1.1640134697221067,data/raw/cutouts/-569380954497924981_VIS.fits,0.6,0.5
-569392124497988715,56.9392124175211,-49.79887159087123,2343,42.84086227416992,0.2219103723764419,1,0.2197515815496444,0,7.024022579193115,0.0354464575648307,16.194833755493164,0.2324452400207519,set_-569380954497924981,reference,unlabelled,south,,19.82035449135902,3.369772288596963,1,23.09085412425323,-0.2649322559325107,0.0862449237352693,0.9662906856159093,23.090854124268503,193.0547987252079,0.9069764881134956,data/raw/cutouts/-569392124497988715_VIS.fits,0.2,0.6
-569646194491927719,56.9646194163331,-49.19277194890964,1428,19.13936424255371,0.1687562465667724,1,0.088884636759758,0,4.369175434112549,0.0318298079073429,9.615370750427246,0.2044917047023773,set_-569646194491927719,candidate,C,south,102020529.0,20.69518123099256,3.154728207440156,0,0.0,0.0,0.0,0.0,0.0,113.41425655008727,0.8564163782986296,data/raw/cutouts/-569646194491927719_VIS.fits,0.9,0.4
-571928631495947554,57.19286316195864,-49.594755430177614,2134,34.345088958740234,0.2113198488950729,1,0.1175433620810508,2,7.777026176452637,0.0416822060942649,18.362627029418945,39.4479866027832,set_-571928631495947554,candidate,B,south,102020056.0,20.06033838600166,3.329194415088451,0,0.0,0.0,0.0,0.0,0.0,162.52656406068922,0.9328031311135792,data/raw/cutouts/-571928631495947554_VIS.fits,1.0,0.8
-572135240496153431,57.21352403489648,-49.61534318955451,2102,31.302961349487305,0.2570047378540039,1,0.1019478067755699,2,3.801570415496826,0.0299483761191368,8.477615356445312,0.1738892793655395,set_-571928631495947554,reference,unlabelled,south,,20.16103643753123,3.3226327116922234,1,88.41134971003495,0.1006980515295694,-0.0065617033962275,0.1204455958186944,88.4113497100292,121.79916063364368,0.870776671983121,data/raw/cutouts/-572135240496153431_VIS.fits,0.2,0.4
-581199679484613010,58.119967906294704,-48.46130106505595,912,9.232906341552734,0.1697883903980255,1,0.1739706546068191,2,1.6918578147888184,0.02964280359447,5.04278039932251,0.1544925272464752,set_-581199679484613010,candidate,B,south,102021010.0,21.48665392473245,2.959994838328416,0,0.0,0.0,0.0,0.0,0.0,54.37890258520352,1.185765485916471,data/raw/cutouts/-581199679484613010_VIS.fits,1.0,0.7
-581409519484642340,58.140951920375485,-48.464234001326886,852,9.378772735595703,0.1817934662103653,1,0.7677479386329651,0,1.5055385828018188,0.030012559145689,4.351282596588135,0.1631519049406051,set_-581199679484613010,reference,unlabelled,south,,21.469634969358765,2.9304395947667,1,51.193376153088245,-0.0170189553736896,-0.0295552435617159,0.0273029673694439,45.1664755355478,51.59026301166898,1.1523134998901396,data/raw/cutouts/-581409519484642340_VIS.fits,0.1,0.5
-582019329494705421,58.20193296550151,-49.470542185359534,2180,29.90357208251953,0.207047089934349,1,0.2662537693977356,2,5.238087177276611,0.0354335941374301,18.104516983032227,0.2637489140033722,set_-582019329494705421,candidate,A,south,102020057.0,20.210692326591325,3.3384564936046046,0,0.0,0.0,0.0,0.0,0.0,144.4288451095904,1.3465355512815251,data/raw/cutouts/-582019329494705421_VIS.fits,0.7,0.9
-582119010494691925,58.21190109569908,-49.4691925873041,1898,27.6312255859375,0.2053596228361129,1,0.3211061656475067,0,5.067862510681152,0.0323641523718833,16.975051879882812,0.2491048872470855,set_-582019329494705421,reference,unlabelled,south,,20.296499628696303,3.2782962080912736,1,23.820711949826023,0.0858073021049783,-0.0601602855133309,0.1727778987086567,23.820711949828542,134.5504301397582,1.312465715371507,data/raw/cutouts/-582119010494691925_VIS.fits,1.0,0.7
-587754943477919337,58.77549438936675,-47.79193370803898,1116,32.10818862915039,0.1648337692022323,1,0.167502149939537,0,8.90921688079834,0.0445330031216144,20.378393173217773,0.2587271630764007,set_-587807121477852004,reference,unlabelled,south,,20.1334604857376,3.04766419460156,1,27.328300672881085,0.2710055906402289,-0.0890563725548467,1.014961008362252,27.328300672881547,194.79132695047028,0.8983260145672194,data/raw/cutouts/-587754943477919337_VIS.fits,0.4,0.6
-587807121477852004,58.78071211885828,-47.78520044646224,1370,41.211463928222656,0.1445627063512802,1,0.5428248047828674,2,11.403660774230955,0.0428374782204628,26.556591033935547,26.625185012817383,set_-587807121477852004,candidate,A,south,102021493.0,19.862454895097365,3.1367205671564067,0,0.0,0.0,0.0,0.0,0.0,285.07673222498227,0.9178200893834708,data/raw/cutouts/-587807121477852004_VIS.fits,0.3,0.5
-589048708512280578,58.90487083166256,-51.22805781351057,999,18.124446868896484,0.1490735113620758,1,0.2675012052059173,2,4.836460113525391,0.0391550958156585,14.403520584106444,24.190824508666992,set_-589105921512438416,reference,unlabelled,south,,20.75433809643747,2.9995654882259823,1,58.26684778983805,0.0013188877087735,-0.027784119548774,0.0222289470651523,58.26684778984096,121.58059941900136,1.1848526178170116,data/raw/cutouts/-589048708512280578_VIS.fits,0.5,0.5
-589105921512438416,58.9105921712665,-51.24384165288845,1065,18.14647674560547,0.1665808856487274,1,0.0531979128718376,0,5.121453762054443,0.0408698171377182,12.69810390472412,0.2171676903963089,set_-589105921512438416,candidate,C,south,102018667.0,20.75301920872869,3.0273496077747564,0,0.0,0.0,0.0,0.0,0.0,108.93492776759108,0.985864050790754,data/raw/cutouts/-589105921512438416_VIS.fits,0.9,0.6
-589257492489565961,58.92574921328832,-48.95659616705754,4165,72.95098114013672,0.2536678612232208,1,0.0766528025269508,2,14.584413528442385,0.048489823937416,38.682865142822266,0.3629621565341949,set_-589257492489565961,candidate,A,south,102020532.0,19.24242215692865,3.6196150057428063,0,0.0,0.0,0.0,0.0,0.0,287.5846423285835,1.0590741595982962,data/raw/cutouts/-589257492489565961_VIS.fits,0.9,0.7
-589269309489438212,58.92693091188977,-48.94382126116073,3400,90.42283630371094,0.2883032560348511,1,0.681587278842926,0,13.483939170837402,0.0494628064334392,40.71175003051758,0.337703675031662,set_-589257492489565961,reference,unlabelled,south,,19.009304686305303,3.531478917042255,1,46.074438906956246,-0.2331174706233483,-0.0881360887005513,0.7998387595820461,46.074438906961966,313.6379295445082,1.199757466654236,data/raw/cutouts/-589269309489438212_VIS.fits,0.1,0.1
-590671118493770057,59.06711187621752,-49.37700571561222,2174,38.17421340942383,0.3051126599311828,1,0.1189879700541496,0,8.320449829101562,0.0534720383584499,20.47359275817871,0.2229788303375244,set_-590814898493650143,reference,unlabelled,south,,19.94557475735313,3.337259539750276,1,54.76811322848925,-0.0893558558513873,-0.0166566911700876,0.0982240833854634,54.76811322849365,125.11514080744438,0.9776181355774048,data/raw/cutouts/-590671118493770057_VIS.fits,0.8,0.5
-590814898493650143,59.08148989976037,-49.36501436418274,2259,35.15829086303711,0.2422157824039459,1,0.1971689760684967,2,6.73293399810791,0.0431561209261417,22.55763816833496,0.2682577967643738,set_-590814898493650143,candidate,B,south,102020059.0,20.03493061320452,3.353916230920363,0,0.0,0.0,0.0,0.0,0.0,145.15276632306,1.312723172467759,data/raw/cutouts/-590814898493650143_VIS.fits,0.9,0.6
-595646727509469177,59.56467277951752,-50.94691775377698,1555,21.3694076538086,0.2239634543657302,1,0.2171027809381485,0,4.433065414428711,0.0370814725756645,20.504196166992188,0.2160797119140625,set_-595646727509469177,candidate,A,south,102018668.0,20.57551879007973,3.191730393362856,0,0.0,0.0,0.0,0.0,0.0,95.41470823589174,1.6628465208874277,data/raw/cutouts/-595646727509469177_VIS.fits,0.9,0.8
-595703430509405428,59.5703430824632,-50.940542871156936,1222,23.043682098388672,0.2121108621358871,1,0.0519745238125324,0,4.027097225189209,0.0349002890288829,8.557311058044434,0.1612162142992019,set_-595646727509469177,reference,unlabelled,south,,20.493620311901825,3.087071205906536,1,26.308036886387512,-0.081898478177905,-0.1046591874563209,0.3489582434605495,26.30803688639629,108.63980215980608,0.8183630101851898,data/raw/cutouts/-595703430509405428_VIS.fits,0.6,0.4
-601657296470027378,60.165729654101575,-47.002737869545705,2779,34.9365234375,0.2300473302602768,1,0.1016543209552764,0,7.041860580444336,0.0357463061809539,19.38494110107422,0.2525930106639862,set_-601657296470027378,candidate,B,south,102022476.0,20.041800785519992,3.443888546777372,0,0.0,0.0,0.0,0.0,0.0,151.86667629645007,1.0994426585750765,data/raw/cutouts/-601657296470027378_VIS.fits,1.0,0.8
-601846137470083649,60.18461378762755,-47.00836499219549,2605,35.28486633300781,0.2381048649549484,1,0.3451533913612366,0,5.872843265533447,0.03284377977252,19.854167938232425,29.456018447875977,set_-601657296470027378,reference,unlabelled,south,,20.031028808579222,3.4158077276355434,1,50.592149389025685,-0.0107719769407665,-0.0280808191418286,0.0231970082178233,50.59214938900016,148.19044684233577,1.3225082013316305,data/raw/cutouts/-601846137470083649_VIS.fits,0.4,0.6
-605802480487234091,60.58024803348568,-48.72340912387143,2485,40.7832145690918,0.2338244616985321,1,0.6885046362876892,0,5.245783805847168,0.0323094390332698,13.593354225158691,0.1897847950458526,set_-606090281487314103,reference,unlabelled,south,,19.873796364332588,3.395326393069351,1,74.16651231552544,0.1200461231058263,0.0261105356592081,0.1818829596529899,74.166512315536,174.41808386016194,1.0337906153102785,data/raw/cutouts/-605802480487234091_VIS.fits,0.1,0.2
-606090281487314103,60.60902818000293,-48.73141034503661,2340,45.55120849609375,0.2333869487047195,1,0.3144665956497192,0,10.699145317077637,0.0511186383664608,29.489913940429688,0.285294622182846,set_-606090281487314103,candidate,B,south,102021013.0,19.75375024122676,3.369215857410143,0,0.0,0.0,0.0,0.0,0.0,195.17461772776767,1.1008110474137414,data/raw/cutouts/-606090281487314103_VIS.fits,0.8,0.6
-606755307495538866,60.675530777386776,-49.55388661989282,4008,72.41458892822266,0.2512557208538055,1,0.3839916586875915,0,14.959318161010742,0.0471704490482807,38.598331451416016,0.369195818901062,set_-607087127495633316,reference,unlabelled,south,,19.250434825779426,3.602927712859189,1,84.61908641478176,-0.059660193470691,0.0275089216448289,0.0646056069939526,84.61908641478064,288.21070693294774,1.0291418303477458,data/raw/cutouts/-606755307495538866_VIS.fits,0.2,0.7
-607087127495633316,60.70871278898007,-49.56333168622921,3762,68.5428237915039,0.359496921300888,1,0.0809534862637519,0,12.85665512084961,0.0641671568155288,34.07828903198242,0.2889260053634643,set_-607087127495633316,candidate,A,south,102020061.0,19.31009501925012,3.57541879121436,0,0.0,0.0,0.0,0.0,0.0,190.6631732574301,1.0583744697381858,data/raw/cutouts/-607087127495633316_VIS.fits,0.9,0.7
-608203827493491303,60.82038274569893,-49.34913030126828,785,7.131994247436523,0.1489062011241912,1,0.2344311773777008,2,1.5031375885009766,0.027844876050949,5.421501159667969,0.1684096455574035,set_-608203827493491303,candidate,B,south,102020061.0,21.766972539480484,2.8948696567452528,0,0.0,0.0,0.0,0.0,0.0,47.89588474887138,1.3928020495004696,data/raw/cutouts/-608203827493491303_VIS.fits,0.7,0.5
-608492864493445568,60.84928649732333,-49.34455687126737,724,6.420748233795166,0.1451441198587417,1,0.2236540764570236,2,1.1658592224121094,0.0253984052687883,1.7277477979660034,0.1277096271514892,set_-608203827493491303,reference,unlabelled,south,,21.8810358975562,2.859738566197147,1,69.75937136591332,0.1140633580757146,-0.0351310905481057,0.1795875176288862,69.75937136589808,44.23705376452051,0.4270855890757577,data/raw/cutouts/-608492864493445568_VIS.fits,0.7,0.4
-609723701504645522,60.97237010457565,-50.46455227797104,777,18.684234619140625,0.1133779659867286,1,0.3954288363456726,2,5.633181571960449,0.0336011983454227,12.134456634521484,0.1873209178447723,set_-609723701504645522,candidate,B,south,102019128.0,20.7213117197154,2.890421018800914,0,0.0,0.0,0.0,0.0,0.0,164.7959941469377,0.8331664601485224,data/raw/cutouts/-609723701504645522_VIS.fits,0.8,0.7
-609877994487400704,60.98779946709999,-48.74007045674017,3730,60.534324645996094,0.2777571380138397,1,0.1662334203720092,0,10.45919704437256,0.0417636632919311,27.985206604003903,0.3227238953113556,set_-610047486487275523,reference,unlabelled,south,,19.444995746128857,3.571708831808688,1,60.41934452581796,0.0180436023221766,-0.0831412587527062,0.179558897684411,60.41934452581352,217.9397623364764,1.0685754314684648,data/raw/cutouts/-609877994487400704_VIS.fits,0.7,0.9
-610047486487275523,61.0047486834014,-48.72755230023029,4517,61.548736572265625,0.2905674278736114,1,0.3434504568576813,0,10.63088321685791,0.042578961700201,26.95161819458008,0.2392614632844925,set_-610047486487275523,candidate,A,south,102021014.0,19.42695214380668,3.654850090561394,0,0.0,0.0,0.0,0.0,0.0,211.82256050749632,1.0100387458141749,data/raw/cutouts/-610047486487275523_VIS.fits,0.9,0.7
-610057349504559337,61.00573496612642,-50.455933759909946,790,17.26256561279297,0.1189613342285156,1,0.1789125651121139,0,5.960874557495117,0.0410391353070735,13.18738842010498,0.2305110692977905,set_-609723701504645522,reference,unlabelled,south,,20.807236644281684,2.8976270912904414,1,82.52080882057886,0.0859249245662816,0.0072060724895273,0.0891707562776324,82.52080882056771,145.1107263107263,0.8621220388713597,data/raw/cutouts/-610057349504559337_VIS.fits,0.7,0.4
-610335578478019427,61.0335578440116,-47.8019427549002,4003,63.57219314575195,0.3306535482406616,1,0.1518010199069976,2,11.033062934875488,0.0512256883084774,30.807861328125,0.3104793429374695,set_-610335578478019427,candidate,C,south,102021496.0,19.39183201449966,3.602385590105105,0,0.0,0.0,0.0,0.0,0.0,192.26224392269884,1.1149136382200626,data/raw/cutouts/-610335578478019427_VIS.fits,0.8,0.7
-610656487478104952,61.06564870639258,-47.81049525610951,2682,57.50077819824219,0.2387557029724121,1,0.081575259566307,2,14.042630195617676,0.0554268136620521,36.08854675292969,0.3452591001987457,set_-610335578478019427,reference,unlabelled,south,,19.500815694149164,3.42845877351558,1,83.47802825031653,0.1089836796495049,-0.1739268165895251,0.8942094559647784,83.47802825031094,240.8352030229256,1.0248023368248445,data/raw/cutouts/-610656487478104952_VIS.fits,0.3,0.6
-612388468493726389,61.23884687469332,-49.37263896690335,4191,63.71406936645508,0.293111115694046,1,0.2202266901731491,2,10.867844581604004,0.0423538647592067,31.899126052856445,0.3120546638965606,set_-612388468493726389,candidate,A,south,102020061.0,19.389411639980622,3.622317660833844,0,0.0,0.0,0.0,0.0,0.0,217.37172681284736,1.169088414277744,data/raw/cutouts/-612388468493726389_VIS.fits,0.9,0.6
-612407145493601736,61.24071456545593,-49.36017362481122,3067,68.47034454345703,0.2864392399787903,1,0.6863260269165039,0,10.807499885559082,0.0495049692690372,29.506872177124023,0.3044625520706177,set_-612388468493726389,reference,unlabelled,south,,19.311243716882537,3.4867137759824853,1,45.08834099887832,-0.0781679230980856,-0.135603884851359,0.5293446539228245,45.088340998879225,239.0396809757176,1.0904948393199911,data/raw/cutouts/-612407145493601736_VIS.fits,0.1,0.3
-613524515483265210,61.35245155323109,-48.32652101536063,943,15.461840629577637,0.1489899456501007,1,0.375890702009201,0,4.481653213500977,0.0411939658224582,12.934375762939451,0.2003649920225143,set_-613524515483265210,candidate,C,south,102021014.0,20.92684701865634,2.9745116927373285,0,0.0,0.0,0.0,0.0,0.0,103.77774528416433,1.1507680638373263,data/raw/cutouts/-613524515483265210_VIS.fits,0.5,0.7
-613693645483532599,61.36936452459113,-48.35325997405612,935,16.520179748535156,0.1483653634786605,1,0.6744616627693176,0,3.4616594314575195,0.0292604696005582,7.8695197105407715,0.1659383773803711,set_-613524515483265210,reference,unlabelled,south,,20.854963079074764,2.9708116108725178,1,104.42231625976235,-0.0718839395815749,-0.0037000818648107,0.0671051578999935,104.42231625975008,111.3479545440622,0.8916597226054758,data/raw/cutouts/-613693645483532599_VIS.fits,0.1,0.3
-615566099505695042,61.5566099678491,-50.5695042762499,805,10.219220161437988,0.2046529501676559,1,0.5703057646751404,2,1.2291216850280762,0.0267301853746175,2.449706077575684,0.1384625732898712,set_-615759676505667435,reference,unlabelled,south,,21.376455610920683,2.9057958803678687,1,45.364853534653705,-0.0154231396969031,0.0187415023169119,0.0131885112237083,45.36485353464365,49.93438967318181,0.7487977469595041,data/raw/cutouts/-615566099505695042_VIS.fits,0.7,0.6
-615759676505667435,61.57596762925991,-50.566743554989294,771,10.075079917907717,0.14189413189888,1,0.2387072443962097,2,2.3477139472961426,0.0297111701220273,7.905194282531738,0.2106071859598159,set_-615759676505667435,candidate,C,south,102019129.0,21.391878750617582,2.8870543780509568,0,0.0,0.0,0.0,0.0,0.0,71.00420421252981,1.3181684196146006,data/raw/cutouts/-615759676505667435_VIS.fits,1.0,0.6
-617560137484578866,61.75601377501509,-48.45788663007414,2296,47.14998626708984,0.2247176766395568,1,0.1403803378343582,2,10.793710708618164,0.0506555922329425,28.57809829711914,0.3124189078807831,set_-617560137484578866,candidate,C,south,102021015.0,19.71629607354823,3.360971883725936,0,0.0,0.0,0.0,0.0,0.0,209.8187689200685,1.0571563792612475,data/raw/cutouts/-617560137484578866_VIS.fits,0.9,0.7
-617652722484412174,61.76527220034957,-48.44121740894495,2604,48.32147979736328,0.3132430613040924,1,0.3107631802558899,0,10.260493278503418,0.0593414865434169,34.243011474609375,0.2926195859909057,set_-617560137484578866,reference,unlabelled,south,,19.689649435864425,3.4156409798961542,1,63.95183375559012,-0.0266466376838039,0.0546690961702185,0.0861134979637722,63.95183375560235,154.26193192018832,1.3085092779030618,data/raw/cutouts/-617652722484412174_VIS.fits,0.6,0.7
-620765465496530075,62.07654653393215,-49.65300757614554,1222,24.81232643127441,0.1545649766921997,1,0.098943144083023,2,6.909675598144531,0.0408274084329605,21.745546340942383,0.2949515283107757,set_-620821345496639134,reference,unlabelled,south,,20.413331284714733,3.087071205906536,1,41.36458866016672,-0.106988586128967,-0.0419738539814229,0.1726960151126364,41.36458866017369,160.53006937454927,1.2447816631916704,data/raw/cutouts/-620765465496530075_VIS.fits,0.8,0.8
-620821345496639134,62.08213456710978,-49.663913468151335,1346,22.48392105102539,0.1752511262893676,1,0.147117480635643,0,5.203131675720215,0.0335871577262878,15.88486385345459,0.2458386570215225,set_-620821345496639134,candidate,C,south,102020062.0,20.5203198708437,3.1290450598879582,0,0.0,0.0,0.0,0.0,0.0,128.2954439556688,1.2117967004541763,data/raw/cutouts/-620821345496639134_VIS.fits,0.8,0.6
-621527139488411273,62.15271395549136,-48.84112738837274,789,12.415258407592772,0.1384394913911819,1,0.2155410945415496,0,3.058312177658081,0.0279534552246332,5.021965980529785,0.1458834856748581,set_-621645331488224037,reference,unlabelled,south,,21.165110591839447,2.89707700320942,1,72.99286673655797,0.0134518075213172,-0.1335227187565308,0.452286344401466,72.99286673657733,89.68003481399369,0.5384798810170188,data/raw/cutouts/-621527139488411273_VIS.fits,0.3,0.6
-621645331488224037,62.1645331458563,-48.82240372116829,1073,12.570034980773926,0.1525588184595108,1,0.217786893248558,2,2.375248432159424,0.0262318737804889,12.03477954864502,0.20526222884655,set_-621645331488224037,candidate,A,south,102020536.0,21.15165878431813,3.030599721965951,0,0.0,0.0,0.0,0.0,0.0,82.39467968946036,1.7618227481080226,data/raw/cutouts/-621645331488224037_VIS.fits,1.0,0.8
-629285642482882698,62.928564297514605,-48.28826985153946,1555,17.72480010986328,0.1782731860876083,1,0.1182223558425903,0,3.801541805267334,0.0302473865449428,11.904033660888672,0.2156591713428497,set_-629685198482852633,reference,unlabelled,south,,20.778546634603828,3.191730393362856,1,96.32157767943453,0.19206172143911,-0.0994163683690292,0.6649080024518467,96.3215776794427,99.42493595841626,1.2393359387502796,data/raw/cutouts/-629285642482882698_VIS.fits,0.7,0.6
-629685198482852633,62.96851985754328,-48.285263348191855,1955,21.154659271240234,0.2218755185604095,1,0.1876712590456009,0,2.638924598693848,0.0269003361463546,10.313042640686035,0.1682792901992797,set_-629685198482852633,candidate,B,south,102021016.0,20.58648491316472,3.291146761731885,0,0.0,0.0,0.0,0.0,0.0,95.34472035715156,1.4798995799732602,data/raw/cutouts/-629685198482852633_VIS.fits,0.6,0.6
-633491501461458871,63.34915010836785,-46.14588710558657,6016,79.0197982788086,0.3479556739330292,1,0.4110831916332245,0,11.60341453552246,0.0431360267102718,28.798791885375977,0.3106655180454254,set_-633491501461458871,candidate,B,south,102023479.0,19.155660208292723,3.779307827583586,0,0.0,0.0,0.0,0.0,0.0,227.0973120961881,0.986971153959703,data/raw/cutouts/-633491501461458871_VIS.fits,0.7,0.7
-633575129461198040,63.357512930611215,-46.11980407220403,5581,94.8584213256836,0.3510007262229919,1,0.2214739322662353,0,8.347837448120117,0.0348534174263477,13.645177841186523,0.2179624885320663,set_-633491501461458871,reference,unlabelled,south,,18.95731026834513,3.7467120225166606,1,96.18878014970538,-0.1983499399475938,-0.0325958050669252,0.4716355991559719,96.18878014970436,270.25135345566133,0.5335130414208697,data/raw/cutouts/-633575129461198040_VIS.fits,0.4,0.7
-635820127494264851,63.58201276524497,-49.42648513949498,735,13.05827522277832,0.1102200224995613,1,0.3549318611621856,0,4.148349761962891,0.0317984595894813,9.672971725463867,0.1998415142297744,set_-635823575494037615,reference,unlabelled,south,,21.11028545556524,2.8662873390841948,1,81.8089778749083,-0.05215834710528,0.0,0.0359656210389577,81.8089778748998,118.47461946245107,0.9192113803906714,data/raw/cutouts/-635820127494264851_VIS.fits,0.3,0.5
-635823575494037615,63.5823575504392,-49.40376153048183,735,12.44579029083252,0.1381355077028274,1,0.1676827222108841,0,3.478463888168335,0.0357103757560253,11.848642349243164,0.2015360444784164,set_-635823575494037615,candidate,B,south,102020064.0,21.16244380267052,2.8662873390841948,0,0.0,0.0,0.0,0.0,0.0,90.09841493909953,1.330702728612242,data/raw/cutouts/-635823575494037615_VIS.fits,1.0,0.4
-637748088500119037,63.77480885130131,-50.01190374108312,5985,82.74066162109375,0.429374486207962,1,0.4712045788764953,0,7.631491184234619,541.2191162109375,25.64137077331543,0.3108215928077698,set_-637748088500119037,candidate,B,south,102019596.0,19.105702526668665,3.777064154742429,0,0.0,0.0,0.0,0.0,0.0,192.7004614359396,1.315829579347031,data/raw/cutouts/-637748088500119037_VIS.fits,0.9,0.6
-637825510499898375,63.78255109032697,-49.98983750968316,5743,99.99443817138672,0.3330177962779999,1,0.2175104916095733,2,17.543237686157227,0.057637620717287,44.55647659301758,33.865440368652344,set_-637748088500119037,reference,unlabelled,south,,18.900060388466265,3.7591388162811663,1,81.4335890755174,-0.2056421382023998,-0.0179253384612629,0.4835926481296831,81.43358907551806,300.2675511308482,1.0120027329568972,data/raw/cutouts/-637825510499898375_VIS.fits,0.3,0.8
-639527131470265480,63.952713139570776,-47.02654805175311,1255,36.30762481689453,0.1363285779953003,1,0.1665098667144775,0,11.388516426086426,0.0430228412151336,19.90959548950196,0.2350690215826034,set_-639527131470265480,candidate,C,south,102022481.0,20.000005402411787,3.098643725817057,0,0.0,0.0,0.0,0.0,0.0,266.3243859122933,0.6064882096666434,data/raw/cutouts/-639527131470265480_VIS.fits,0.7,0.7
-639608933470309905,63.96089338312066,-47.03099051049312,1302,45.791648864746094,0.1712788492441177,1,0.7467168569564819,0,11.078851699829102,0.0503884963691234,29.277172088623047,0.2678317427635193,set_-639527131470265480,reference,unlabelled,south,,19.74803429531004,3.114610984232173,1,25.665295914221456,-0.2519711071017454,0.0159672584151158,0.7123767780152578,25.665295914238644,267.3514509633403,1.0550859411927398,data/raw/cutouts/-639608933470309905_VIS.fits,0.1,0.4
-641784173461053720,64.1784173550996,-46.10537200712808,1580,22.794336318969727,0.1883678287267685,1,0.1775935590267181,2,5.295160293579102,0.0390176586806774,11.842920303344728,0.2151533961296081,set_-642201006461096820,reference,unlabelled,south,,20.505432620544195,3.198657086954422,1,105.18835843847116,-0.0715033149624133,-0.0245791861485749,0.081397557981548,105.18835843847693,121.00970995441791,0.8739492380854296,data/raw/cutouts/-641784173461053720_VIS.fits,0.3,0.7
-642201006461096820,64.22010069763697,-46.10968203057439,1672,21.341533660888672,0.1774277538061142,1,0.1749541908502578,0,4.60703706741333,0.0320950150489807,14.303606033325195,0.1928721517324447,set_-642201006461096820,candidate,B,south,102023480.0,20.576935935506608,3.223236273102997,0,0.0,0.0,0.0,0.0,0.0,120.28295011957276,1.2300595831127026,data/raw/cutouts/-642201006461096820_VIS.fits,0.6,0.6
-657346894468774746,65.73468945551778,-46.87747460180939,1536,28.52461814880371,0.1842346936464309,1,0.0915157943964004,0,7.041445255279541,0.0413161776959896,20.906105041503903,0.2777759730815887,set_-657346894468774746,candidate,C,south,102022483.0,20.26195040162822,3.186391215695493,0,0.0,0.0,0.0,0.0,0.0,154.82761462694953,1.1815283025069006,data/raw/cutouts/-657346894468774746_VIS.fits,0.8,0.5
-657718213468728381,65.77182139903739,-46.8728381504141,1459,27.143823623657227,0.1877061277627945,1,0.3093654811382293,2,6.9806904792785645,0.0409516096115112,17.95262908935547,0.264325737953186,set_-657346894468774746,reference,unlabelled,south,,20.31582243832936,3.1640552918934515,1,92.89082896815016,0.05387203670114,-0.0223359238020415,0.0521166879976815,92.890828968142,144.60808470759707,1.0255741905500997,data/raw/cutouts/-657718213468728381_VIS.fits,0.4,0.4
-665084279468535340,66.50842796432661,-46.853534010219576,1665,25.74213600158692,0.1922487169504165,1,0.3647715151309967,0,5.543521881103516,0.0327657610177993,16.332534790039062,6.648798942565918,set_-665413390468534815,reference,unlabelled,south,,20.373388548861268,3.2214142378423385,1,81.024594605817,-0.0137124201657847,-0.0683976012752829,0.1246734403503113,81.02459460581468,133.90017062234102,1.1731695646588496,data/raw/cutouts/-665084279468535340_VIS.fits,0.6,0.5
-665413390468534815,66.54133904579673,-46.85348150024468,1949,25.4190673828125,0.2067804634571075,1,0.2630012631416321,0,5.283728122711182,0.0328204929828643,12.917184829711914,0.2169006615877151,set_-665413390468534815,candidate,C,south,102022485.0,20.387100969027053,3.289811839117621,0,0.0,0.0,0.0,0.0,0.0,122.9277996472098,0.9705685280536768,data/raw/cutouts/-665413390468534815_VIS.fits,0.4,0.6
2635015997663541826,263.5015997063456,66.35418264265631,9016,116.30078125,0.3990699052810669,1,0.0214895233511924,2,10.089259147644045,0.0391529202461242,19.04979705810547,0.2138708531856537,set_2635212626663669301,reference,unlabelled,north,,18.73604341972608,3.95501390303805,1,53.95958148529361,-0.12588308003075,0.0403534724488285,0.219279103390582,53.95958148528524,291.4295959453239,0.6900776903729234,data/raw/cutouts/2635015997663541826_VIS.fits,0.2,0.4
2635212626663669301,263.5212626724271,66.36693014159633,8216,103.56890869140624,0.4891786277294159,1,0.446529746055603,2,3.749455451965332,0.0297833755612373,11.804896354675291,0.2014123946428299,set_2635212626663669301,candidate,A,north,102159481.0,18.861926499756823,3.9146604305892216,0,0.0,0.0,0.0,0.0,0.0,211.72001968306407,1.245234950901528,data/raw/cutouts/2635212626663669301_VIS.fits,0.9,0.6
2645426870662319970,264.542687048907,66.23199703731409,2091,36.61808395385742,0.1833209246397018,1,0.3422818779945373,2,6.275609970092773,0.038454171270132,20.78361701965332,0.2116424143314361,set_2645580164662468179,reference,unlabelled,north,,19.99076095989172,3.320354032817672,1,57.80318146190653,-0.0904727880310218,-0.160514890869496,0.7379383616260374,57.80318146190431,199.7485231204592,1.3001629668628525,data/raw/cutouts/2645426870662319970_VIS.fits,0.7,0.5
2645580164662468179,264.55801641779,66.24681799395167,3026,33.690425872802734,0.2660119831562042,1,0.311652809381485,0,4.843444347381592,0.0318045653402805,18.9819564819336,0.2379523366689682,set_2645580164662468179,candidate,B,north,102159187.0,20.08123374792273,3.480868923687168,0,0.0,0.0,0.0,0.0,0.0,126.65003084849552,1.482966648673065,data/raw/cutouts/2645580164662468179_VIS.fits,0.7,0.6
2646461630654930628,264.64616303287295,65.49306284930077,3639,56.260986328125,0.2374953776597976,1,0.1817874014377594,2,10.094295501708984,0.0399305708706378,30.00202369689941,0.2651835083961487,set_2646461630654930628,candidate,A,north,102158887.0,19.524481645895087,3.560982055586236,0,0.0,0.0,0.0,0.0,0.0,236.89297401281027,1.1826863389208937,data/raw/cutouts/2646461630654930628_VIS.fits,0.8,0.9
2646652043654908900,264.66520438850506,65.4908900720245,3252,44.17465972900391,0.2803378701210022,1,0.2614637911319732,0,7.794543266296387,0.0433833487331867,22.201845169067383,0.2461176663637161,set_2646461630654930628,reference,unlabelled,north,,19.78706696778928,3.5121505369220305,1,29.49170844347359,0.2625853218941891,-0.0488315186642047,0.8264814020682881,29.491708443461043,157.57649763814217,1.1364959938968364,data/raw/cutouts/2646652043654908900_VIS.fits,0.3,0.6
2648223419654261880,264.8223419828193,65.42618803638058,1259,14.843708992004396,0.1976766735315323,1,0.3676996827125549,0,2.4566516876220703,0.031167909502983,8.267404556274414,0.1480956226587295,set_2648223419654261880,candidate,A,north,102158887.0,20.97114392124426,3.100025730107862,0,0.0,0.0,0.0,0.0,0.0,75.09084773038033,1.3175640119025147,data/raw/cutouts/2648223419654261880_VIS.fits,1.0,0.6
2648230734654483596,264.8230734618368,65.44835968135754,1198,13.500563621520996,0.1925332695245742,1,0.2342825829982757,0,2.526050806045532,0.0298008155077695,3.3829495906829834,0.1115462034940719,set_2648223419654261880,reference,unlabelled,north,,21.07412025050195,3.0784568180532927,1,79.82542768815122,0.1029763292576895,-0.0215689120545699,0.1349171012433264,79.82542768816114,70.1206791681156,0.3171336130379745,data/raw/cutouts/2648230734654483596_VIS.fits,0.4,0.4
2655753387652324244,265.57533878130045,65.23242440822226,2147,40.89298248291016,0.2134870737791061,1,0.1280942261219024,2,7.681204319000244,0.0393475405871868,22.377052307128903,0.218339741230011,set_2655753387652324244,candidate,B,north,102158582.0,19.87087803379792,3.331832044436249,0,0.0,0.0,0.0,0.0,0.0,191.5478148584392,1.1609338990293885,data/raw/cutouts/2655753387652324244_VIS.fits,1.0,0.9
2656083316652461486,265.6083316659231,65.24614863901282,2039,35.77384567260742,0.2009871453046798,1,0.2318456918001175,2,5.045525074005127,0.0300590917468071,13.182953834533691,0.1627261638641357,set_2655753387652324244,reference,unlabelled,north,,20.01608592719125,3.30941722577814,1,70.11248615038531,0.1452078933933265,-0.0224148186581087,0.251056544919904,70.11248615040938,177.9907148707309,1.042765906144075,data/raw/cutouts/2656083316652461486_VIS.fits,0.3,0.6
2658211530641487553,265.8211530815124,64.14875539666241,1406,14.28335666656494,0.166197195649147,1,0.1902292668819427,0,2.295374155044556,0.0252210274338722,9.808481216430664,28.15410423278809,set_2658211530641487553,candidate,A,north,102157952.0,21.012924297495548,3.147985320683805,0,0.0,0.0,0.0,0.0,0.0,85.94222430033071,1.576870693432491,data/raw/cutouts/2658211530641487553_VIS.fits,1.0,0.8
2658572587641393493,265.8572587750406,64.13934930881278,1198,15.382588386535645,0.1602157205343246,1,0.1941415816545486,2,3.0797717571258545,0.0301412995904684,8.250726699829102,4.506756782531738,set_2658211530641487553,reference,unlabelled,north,,20.93242645206994,3.0784568180532927,1,66.0296059941362,-0.080497845425608,-0.0695285026305123,0.1965921596114888,66.0296059941688,96.01172928121046,1.0699341740758748,data/raw/cutouts/2658572587641393493_VIS.fits,0.9,0.6
2660101090644460436,266.0101090586714,64.44604369485799,6102,70.44493103027344,0.346018522977829,1,0.2880947291851043,258,5.383235454559326,0.0378475449979305,18.17202949523925,0.2601601183414459,set_2660101090644460436,candidate,B,north,102158270.0,19.2803756293384,3.785472203306388,0,0.0,0.0,0.0,0.0,0.0,203.58716760023617,1.3209001435956558,data/raw/cutouts/2660101090644460436_VIS.fits,0.7,0.4
2660380270644564090,266.0380270140729,64.45640901808049,4014,71.17918395996094,0.2752253413200378,1,0.0303857456892728,0,8.146543502807617,0.0362636037170887,15.74372673034668,0.2312163412570953,set_2660101090644460436,reference,unlabelled,north,,19.26911748827765,3.603577368151466,1,57.19492643195378,-0.0112581410607361,-0.1818948351549214,0.831356140257053,57.194926431950144,258.6214758371116,0.7153354048562764,data/raw/cutouts/2660380270644564090_VIS.fits,0.1,0.3
2677079122669151496,267.70791227786816,66.91514966802278,3149,74.30784606933594,0.2546921670436859,1,0.1787503659725189,2,14.19365119934082,0.0549017749726772,37.301788330078125,0.3353114724159241,set_2677079122669151496,candidate,A,north,102159773.0,19.222413318064447,3.498172660636544,0,0.0,0.0,0.0,0.0,0.0,291.7555217023629,1.0490888121308577,data/raw/cutouts/2677079122669151496_VIS.fits,0.9,0.9
2677252580640249415,267.7252580374531,64.02494150392586,3491,52.46792602539063,0.2353121638298034,1,0.5076056718826294,0,9.586758613586426,0.0389210507273674,23.41638565063477,0.2733946144580841,set_2677725526640039676,reference,unlabelled,north,,19.600265256100784,3.542949848814178,1,106.14200647769135,-0.1037553176596723,0.0763787764278243,0.275114778912801,106.14200647771344,222.9715845175757,0.969620174127827,data/raw/cutouts/2677252580640249415_VIS.fits,0.3,0.6
2677347887669252914,267.7347887468424,66.92529142030268,4006,83.8346939086914,0.2763234674930572,1,0.5741718411445618,0,9.210259437561035,0.0380436368286609,19.593828201293945,0.2362984716892242,set_2677079122669151496,reference,unlabelled,north,,19.09144054247708,3.6027109449575576,1,52.646298911796976,-0.1309727755873666,0.1045382843210136,0.4661810833281272,52.64629891177304,303.39331895796295,0.8196185802969553,data/raw/cutouts/2677347887669252914_VIS.fits,0.0,0.2
2677725526640039676,267.7725526627888,64.00396761991807,2928,47.68609619140625,0.2021674364805221,1,0.0619872659444808,2,9.50728702545166,0.0395288877189159,30.855443954467773,0.308812141418457,set_2677725526640039676,candidate,B,north,102157954.0,19.704020573760456,3.4665710723863543,0,0.0,0.0,0.0,0.0,0.0,235.8742684853729,1.2781879850861628,data/raw/cutouts/2677725526640039676_VIS.fits,0.8,0.7
2678629431639725549,267.86294315834544,63.972554932473166,1851,36.0609130859375,0.1676292419433593,1,0.3829377591609955,2,9.583290100097656,0.0444684326648712,25.56294250488281,0.2958125174045563,set_2678629431639725549,candidate,A,north,102157954.0,20.00740820213417,3.267406418752904,0,0.0,0.0,0.0,0.0,0.0,215.12304576383053,1.065240520395911,data/raw/cutouts/2678629431639725549_VIS.fits,0.3,0.5
2678666591639908951,267.8666591936384,63.99089512758704,2608,33.180213928222656,0.2612785100936889,1,0.0874625220894813,2,5.062778949737549,0.0350693576037883,16.28066635131836,0.2277872413396835,set_2678629431639725549,reference,unlabelled,north,,20.09780204551188,3.4163075870598827,1,66.28497277722182,0.0903938433777078,0.1489011683069785,0.6488452458393263,66.28497277721695,126.99174500162655,1.2682080261268651,data/raw/cutouts/2678666591639908951_VIS.fits,0.4,0.8
2685023553645164388,268.50235536587115,64.51643889079287,1123,12.483259201049805,0.1394170820713043,1,0.3017662465572357,3,2.695087432861328,0.0259165447205305,11.01968765258789,0.2230879664421081,set_2685023553645164388,candidate,C,north,102158272.0,21.15918002937478,3.050379756261458,0,0.0,0.0,0.0,0.0,0.0,89.5389504326686,1.5289910647251614,data/raw/cutouts/2685023553645164388_VIS.fits,0.7,0.6
2685565303645137519,268.556530334538,64.51375199642497,1066,10.142182350158691,0.1409603953361511,1,0.3044709861278534,0,2.149996995925904,0.0262203570455312,9.50079345703125,0.1612181216478347,set_2685023553645164388,reference,unlabelled,north,,21.38467146343019,3.0277572046905536,1,84.47178919842645,0.2254914340554101,-0.0226225515709042,0.5838718764059839,84.4717891984637,71.95058105485889,1.613305059319821,data/raw/cutouts/2685565303645137519_VIS.fits,0.2,0.5
2687970439648743491,268.797043967054,64.87434919733515,2048,22.489795684814453,0.2062972486019134,1,0.0838577300310134,2,3.583665609359741,0.0316781140863895,10.913270950317385,0.2001329660415649,set_2687970439648743491,candidate,B,north,102158584.0,20.520036225057066,3.3113299523037933,0,0.0,0.0,0.0,0.0,0.0,109.01645968246744,1.209068647046611,data/raw/cutouts/2687970439648743491_VIS.fits,1.0,0.4
2688029385648672397,268.802938539739,64.86723975241986,1385,26.19132804870605,0.1787604689598083,1,0.1848760694265365,0,5.131137371063232,0.035282589495182,10.922774314880373,0.1887800395488739,set_2687970439648743491,reference,unlabelled,north,,20.35460619956484,3.1414497734004674,1,27.134112935476526,-0.1654300254922205,-0.1698801789033259,1.0261919187843709,27.134112935477003,146.51633104965055,0.8202982965970029,data/raw/cutouts/2688029385648672397_VIS.fits,0.7,0.5
2691200739666476860,269.1200739576987,66.64768602598777,1332,19.435407638549805,0.1767748892307281,1,0.1671037822961807,2,3.651273727416992,0.0335424952208995,11.15794563293457,0.1707008630037307,set_2691200739666476860,candidate,A,north,102159486.0,20.678515865094493,3.1245042248342823,0,0.0,0.0,0.0,0.0,0.0,109.94439155429222,1.2128496219324194,data/raw/cutouts/2691200739666476860_VIS.fits,1.0,0.8
2691363298666378051,269.1363298452296,66.63780516206764,1580,21.21052360534668,0.1989154368638992,1,0.1641901731491089,512,4.279616355895996,0.0333776660263538,13.71018409729004,0.1830986589193344,set_2691200739666476860,reference,unlabelled,north,,20.58362152577296,3.198657086954422,1,42.46896702554389,-0.0948943393215344,0.0741528621201403,0.2390673219861694,42.46896702554082,106.63085751287984,1.2640961194879383,data/raw/cutouts/2691363298666378051_VIS.fits,0.4,0.7
2697192667642722765,269.7192667017294,64.27227651525557,729,12.367491722106934,0.1822214871644973,1,0.3102509975433349,2,2.469188451766968,0.0375084653496742,9.954059600830078,0.1727223545312881,set_2697192667642722765,candidate,A,north,102158273.0,21.169295929121496,2.8627275283179747,0,0.0,0.0,0.0,0.0,0.0,67.87065518207737,1.5136149991506966,data/raw/cutouts/2697192667642722765_VIS.fits,0.6,0.6
2697487405642803868,269.74874054494217,64.28038688457653,771,11.97391414642334,0.143365204334259,1,0.4912261068820953,0,2.6092638969421387,0.031462587416172,9.306208610534668,0.1541798561811447,set_2697192667642722765,reference,unlabelled,north,,21.204409650232027,2.8870543780509568,1,54.52876200205104,0.0351137211105303,0.024326849732982,0.0310437941537235,54.52876200206903,83.52036466607271,1.3806369459318932,data/raw/cutouts/2697487405642803868_VIS.fits,0.3,0.7
2720583810655664894,272.05838105279497,65.5664894900246,1923,30.413291931152344,0.1551267057657241,1,0.2321710437536239,0,7.509823799133301,0.0369190573692321,18.98591041564941,0.3569146990776062,set_2720583810655664894,candidate,A,north,102158893.0,20.192341423319547,3.28397928423848,0,0.0,0.0,0.0,0.0,0.0,196.05452059997447,1.0070041998590191,data/raw/cutouts/2720583810655664894_VIS.fits,1.0,0.7
2721092220655876372,272.1092220257969,65.58763726992822,1410,33.185813903808594,0.1508726179599762,1,0.3641340732574463,0,8.898476600646973,0.0424625314772129,23.37295150756836,0.3016977906227112,set_2720583810655664894,reference,unlabelled,north,,20.09761881633718,3.14921911265538,1,107.34508474820628,-0.0947226069823656,-0.1347601715831001,0.5635797085116004,107.34508474822636,219.95915728467173,1.048494738166731,data/raw/cutouts/2721092220655876372_VIS.fits,0.1,0.7
2724348485670062111,272.4348485898526,67.00621119303038,8366,144.76211547851562,0.3921247124671936,1,0.2398420423269271,2,21.620668411254883,0.0554503686726093,54.63512802124024,0.3272402584552765,set_2724760226669942001,reference,unlabelled,north,,18.49836269740757,3.922517860244612,1,72.27696343939691,-0.2421274110065319,0.0787246619186992,0.810814492646,72.2769634394112,369.17366051145495,1.0065071221227146,data/raw/cutouts/2724348485670062111_VIS.fits,0.7,0.9
2724760226669942001,272.4760226249603,66.99420016959758,6979,115.825439453125,0.3891792595386505,1,0.1556058377027511,0,15.01409912109375,0.0549943149089813,42.16435623168945,0.2978291809558868,set_2724760226669942001,candidate,C,north,102159777.0,18.740490108414107,3.843793198325912,0,0.0,0.0,0.0,0.0,0.0,297.61462517408904,1.121115487952606,data/raw/cutouts/2724760226669942001_VIS.fits,0.9,0.7
2725640304686403990,272.5640304560574,68.64039906186375,5564,85.67703247070312,0.3470197021961212,1,0.1994814574718475,2,13.7883882522583,0.0536726266145706,40.65080261230469,0.3249597251415252,set_2725640304686403990,candidate,A,north,102160610.0,19.067838960596823,3.7453871213200087,0,0.0,0.0,0.0,0.0,0.0,246.89385625223665,1.1738890525513117,data/raw/cutouts/2725640304686403990_VIS.fits,1.0,0.7
2725907803686223428,272.59078033152184,68.62234286618258,5444,68.12057495117188,0.2964561581611633,1,0.4456058144569397,0,12.491286277770996,0.0449619442224502,29.936771392822266,0.2786650359630584,set_2725640304686403990,reference,unlabelled,north,,19.31680423790588,3.735918116531297,1,73.86808074003362,0.2489652773090505,-0.0094690047887118,0.6956274960388166,73.86808074003856,229.7829647854348,0.94899449805442,data/raw/cutouts/2725907803686223428_VIS.fits,0.4,0.7
2738460691675239507,273.8460691095558,67.52395071396087,6441,106.3393783569336,0.4066795110702514,1,0.5280925035476685,2,13.12510108947754,0.0504596643149852,35.3199348449707,0.3588915169239044,set_2738460691675239507,candidate,B,north,102160062.0,18.833264707076943,3.808953299155911,0,0.0,0.0,0.0,0.0,0.0,261.48201584358674,1.0747930918342616,data/raw/cutouts/2738460691675239507_VIS.fits,0.9,0.6
2738841601675358432,273.88416010422185,67.53584322173248,4973,91.74526977539062,0.2962311208248138,1,0.3731173872947693,0,12.719613075256348,0.0429081134498119,28.850664138793945,0.2821244895458221,set_2738460691675239507,reference,unlabelled,north,,18.99354079489413,3.696618459232225,1,67.67421066854567,0.1602760878171878,-0.1123348399236858,0.6048312827638731,67.67421066855688,309.7084111890029,0.8892047863425745,data/raw/cutouts/2738841601675358432_VIS.fits,0.1,0.2
2753259104654747327,275.3259104887559,65.4747327087615,801,7.232158184051514,0.0924988463521003,1,0.1172940135002136,2,1.8008666038513184,0.0197491329163312,8.441634178161621,0.1544641852378845,set_2753259104654747327,candidate,C,north,102158896.0,21.751830208506306,2.9036325160842376,0,0.0,0.0,0.0,0.0,0.0,78.18646901305162,1.6773624587674625,data/raw/cutouts/2753259104654747327_VIS.fits,0.8,0.6
2753656448654532086,275.3656448943886,65.45320868311356,921,7.508152484893799,0.0993271693587303,1,0.7968394756317139,2,0.973791241645813,0.0181113798171281,2.8141069412231445,0.1141387447714805,set_2753259104654747327,reference,unlabelled,north,,21.71116728942232,2.964259630196849,1,97.63531000496457,-0.0406629190839851,0.0606271141126115,0.118435810363008,97.63531000494784,75.5901183268128,1.1521868331244731,data/raw/cutouts/2753656448654532086_VIS.fits,0.1,0.3
